artista,semana,dia,hora_RD,cancion,destino,variable,texto_borrador,estado,evidencia_url,vistas_clip,reproducciones_completo,retencion,clics,suscriptores_nuevos
ByRabit-B,1,lun,19:00,¿Dónde Está Tu Mamá? ¿Dónde Está Tu Papá?,https://www.youtube.com/watch?v=wpj1TnSYGas,Apertura A (barrio y fe),"Barrio, ausencia y fe en una canción. Escucha ¿Dónde Está Tu Mamá? ¿Dónde Está Tu Papá?, de ByRabit-B El Conejo Bendecido: https://www.youtube.com/watch?v=wpj1TnSYGas",borrador,,,,,,
ByRabit-B,1,mié,19:00,¿Dónde Está Tu Mamá? ¿Dónde Está Tu Papá?,https://www.youtube.com/watch?v=wpj1TnSYGas,Apertura B (pregunta),¿Qué te hace volver a escuchar una canción: su melodía o su historia? Descubre ¿Dónde Está Tu Mamá? ¿Dónde Está Tu Papá?: https://www.youtube.com/watch?v=wpj1TnSYGas,borrador,,,,,,
ByRabit-B,1,vie,19:00,¿Dónde Está Tu Mamá? ¿Dónde Está Tu Papá?,https://www.youtube.com/watch?v=wpj1TnSYGas,Apertura C (invitación),Hoy te comparto una canción de ByRabit-B El Conejo Bendecido. Escucha el tema completo y cuéntame qué te transmite: https://www.youtube.com/watch?v=wpj1TnSYGas,borrador,,,,,,
ByRabit-B,2,lun,19:00,¿Dónde Está Tu Mamá? ¿Dónde Está Tu Papá?,https://www.youtube.com/watch?v=wpj1TnSYGas,Mejor apertura S1 + hora distinta,"[Se rellena con la apertura ganadora de la semana 1, cambiando solo la hora]",borrador,,,,,,
ByRabit-B,2,mié,19:00,¿Dónde Está Tu Mamá? ¿Dónde Está Tu Papá?,https://www.youtube.com/watch?v=wpj1TnSYGas,Mejor apertura S1 + Short como destino,"[Igual, pero enlazando el Short mVeZsLV1erA; mide si el Short lleva a la canción completa]",borrador,,,,,,
ByRabit-B,2,vie,19:00,(reserva),,Espacio libre 20 %,[Reserva para ajustes],reserva,,,,,,
ByRabit-B,3,lun,19:00,Tema del álbum de Spotify,https://open.spotify.com/intl-fr/album/0fH2JaATeM8lJT25KAcC1p,Segundo tema [elegir tras escuchar el álbum],[Pendiente: elegir canción y destino tras verificar que no hay reclamaciones],pendiente de elegir,,,,,,
ByRabit-B,3,mié,19:00,¿Dónde Está Tu Mamá? ¿Dónde Está Tu Papá?,https://www.youtube.com/watch?v=wpj1TnSYGas,Repetir enfoque ganador,[Texto nuevo con la señal de escucha más fuerte; no repetir el anterior],borrador,,,,,,
ByRabit-B,3,vie,19:00,(reserva),,Espacio libre 20 %,[Reserva],reserva,,,,,,
ByRabit-B,4,lun,19:00,Según resultados,,Ventana comparable,[Comparar ventanas equivalentes],borrador,,,,,,
ByRabit-B,4,mié,19:00,Según resultados,,Mejor enfoque,[Mejor enfoque de las 3 semanas],borrador,,,,,,
ByRabit-B,4,vie,19:00,Revisión,,Decisión de continuidad,[Informe y decisión de continuidad],revisión,,,,,,
Taquitos,1,lun,19:00,No Es Ahí,https://www.youtube.com/watch?v=Q3bCw89qx0E,Apertura A (desamor),"¿Buscas una canción para tu momento de desamor? Dale una escucha a No Es Ahí, de Grupo Taquitos: https://www.youtube.com/watch?v=Q3bCw89qx0E",borrador,,,,,,
Taquitos,1,mié,19:00,No Es Ahí,https://www.youtube.com/watch?v=Q3bCw89qx0E,Apertura B (descubrir),"Descubre No Es Ahí, de Grupo Taquitos. Escucha la canción completa: https://www.youtube.com/watch?v=Q3bCw89qx0E",borrador,,,,,,
Taquitos,1,vie,19:00,No Es Ahí,https://www.youtube.com/watch?v=Q3bCw89qx0E,Apertura C (lista),"Una canción para tu lista: No Es Ahí, de Grupo Taquitos. Escúchala completa: https://www.youtube.com/watch?v=Q3bCw89qx0E",borrador,,,,,,
Taquitos,2,lun,19:00,No Es Ahí,https://www.youtube.com/watch?v=Q3bCw89qx0E,Mejor apertura S1 + hora distinta,[Apertura ganadora; cambiar solo la hora],borrador,,,,,,
Taquitos,2,mié,19:00,No Es Ahí,https://www.youtube.com/shorts/twvZDHS5utE,Short como destino,[Enlazar el Short existente; mide si lleva a la canción completa],borrador,,,,,,
Taquitos,2,vie,19:00,(reserva),,Espacio libre 20 %,[Reserva],reserva,,,,,,
Taquitos,3,lun,19:00,Soy un Cactus Para Ti,https://www.youtube.com/watch?v=lVjbqMq-OkU,Segundo tema,"Una nueva canción para tu lista: Soy un Cactus Para Ti, de Grupo Taquitos. Escúchala aquí: https://www.youtube.com/watch?v=lVjbqMq-OkU",borrador,,,,,,
Taquitos,3,mié,19:00,Soy un Cactus Para Ti,https://www.youtube.com/watch?v=lVjbqMq-OkU,Apertura distinta,[Texto nuevo con la apertura ganadora aplicada a este tema],borrador,,,,,,
Taquitos,3,vie,19:00,(reserva),,Espacio libre 20 %,[Reserva],reserva,,,,,,
Taquitos,4,lun,19:00,Según resultados,,Ventana comparable,[Comparar ventanas equivalentes],borrador,,,,,,
Taquitos,4,mié,19:00,Según resultados,,Mejor enfoque,[Mejor enfoque de las 3 semanas],borrador,,,,,,
Taquitos,4,vie,19:00,Revisión,,Decisión de continuidad,[Informe y decisión de continuidad],revisión,,,,,,
